城市,月份,AQI,范围,质量等级,PM2.5,PM10,CO,NO2,SO2,O3
北京,2013-12,100,23~291,轻度污染,73,97,1.73,56,37,38
北京,2014-01,125,26~402,轻度污染,94,123,1.948,65,51,37
北京,2014-02,184,33~428,中度污染,148,155,2.171,69,56,42
北京,2014-03,130,35~319,轻度污染,94,138,1.39,62,34,83
北京,2014-04,127,65~279,轻度污染,89,145,0.927,57,16,129
北京,2014-05,107,46~205,轻度污染,61,118,0.839,47,15,149
北京,2014-06,116,50~179,轻度污染,54,74,0.79,39,6,168
北京,2014-07,140,39~252,轻度污染,89,100,0.939,39,6,170
北京,2014-08,120,46~200,轻度污染,62,88,0.839,43,5,172
北京,2014-09,99,43~200,良,65,88,0.983,49,6,106
北京,2014-10,154,28~381,中度污染,118,148,1.339,70,9,54
北京,2014-11,117,29~342,轻度污染,86,127,1.567,65,16,37
北京,2014-12,86,21~267,良,58,95,1.552,53,28,42
北京,2015-01,126,28~378,轻度污染,97,120,1.91,66,34,39
北京,2015-02,127,36~334,轻度污染,93,114,1.457,51,26,60
北京,2015-03,127,40~281,轻度污染,86,146,1.194,53,20,87
北京,2015-04,107,38~212,轻度污染,71,118,0.76,43,9,124
北京,2015-05,105,42~203,轻度污染,55,97,0.745,37,8,153
北京,2015-06,111,35~231,轻度污染,60,70,1.303,35,6,156
北京,2015-07,122,41~200,轻度污染,61,74,0.823,35,4,177
北京,2015-08,104,37~202,轻度污染,45,66,0.79,31,3,159
北京,2015-09,83,34~201,良,50,59,0.837,43,5,109
北京,2015-10,106,27~344,轻度污染,74,86,0.955,55,6,74
北京,2015-11,153,37~450,中度污染,119,85,1.983,62,12,25
北京,2015-12,187,23~485,中度污染,152,172,2.865,76,20,26
北京,2016-01,97,32~316,良,68,88,1.584,53,20,42
北京,2016-02,71,34~238,良,44,59,0.903,35,15,68
北京,2016-03,132,37~365,轻度污染,93,136,1.229,57,18,79
北京,2016-04,106,43~209,轻度污染,69,118,0.803,44,10,116
北京,2016-05,111,49~234,轻度污染,54,90,0.665,38,8,160
北京,2016-06,126,50~189,轻度污染,59,70,0.767,35,5,183
北京,2016-07,118,40~177,轻度污染,69,74,0.916,33,3,159
北京,2016-08,94,34~179,良,47,60,0.832,35,3,135
北京,2016-09,86,0~211,良,55,73,0.76,43,3,104
北京,2016-10,116,29~292,轻度污染,85,101,1.155,56,4,47
北京,2016-11,133,28~315,轻度污染,100,134,1.797,68,11,28
北京,2016-12,168,54~431,中度污染,133,159,2.51,80,17,28
北京,2017-01,146,34~470,轻度污染,116,131,2.203,65,18,41
北京,2017-02,100,36~305,良,71,84,1.318,53,18,65
北京,2017-03,94,40~273,良,63,84,0.913,50,11,86
北京,2017-04,87,38~174,良,53,104,0.693,48,7,101
北京,2017-05,134,53~500,轻度污染,48,104,0.674,37,7,161
北京,2017-06,125,50~200,轻度污染,42,75,0.783,38,6,184
北京,2017-07,118,38~208,轻度污染,52,71,0.894,34,3,174
北京,2017-08,85,34~162,良,38,56,0.803,35,3,131
北京,2017-09,98,36~189,良,58,100,0.913,49,4,123
北京,2017-10,84,25~221,良,57,63,0.923,46,3,47
北京,2017-11,75,30~201,良,46,73,0.903,49,5,44
北京,2017-12,81,23~254,良,44,68,1.09,49,8,25
北京,2018-01,64,28~176,良,34,65,0.768,39,7,48
北京,2018-02,80,32~218,良,50,72,0.786,31,9,70
北京,2018-03,115,0~283,轻度污染,82,104,1.003,53,9,81
北京,2018-04,98,36~256,良,59,108,0.673,38,6,115
北京,2018-05,91,0~169,良,45,85,0.648,36,4,134
北京,2018-06,111,44~190,轻度污染,43,67,0.7,32,4,168
北京,2018-07,89,28~156,良,44,48,0.787,24,3,135
北京,2018-08,83,35~152,良,31,46,0.745,26,3,133
北京,2018-09,60,30~132,良,28,45,0.543,34,3,93
北京,2018-10,74,26~203,良,42,59,0.668,45,4,70
北京,2018-11,108,39~270,轻度污染,71,104,1.07,60,7,37
北京,2018-12,71,0~232,良,38,73,0.835,46,7,40
北京,2019-01,81,30~267,良,51,80,0.997,50,9,44
北京,2019-02,80,32~180,良,53,72,0.807,35,6,65
北京,2019-03,85,39~233,良,52,80,0.635,39,5,86
北京,2019-04,84,39~171,良,48,91,0.547,34,4,103
北京,2019-05,93,47~195,良,37,78,0.503,34,4,143
北京,2019-06,121,36~193,轻度污染,39,60,0.713,27,4,179
北京,2019-07,108,33~173,轻度污染,37,50,0.661,27,3,159
北京,2019-08,72,28~150,良,23,37,0.571,26,3,118
北京,2019-09,97,33~178,良,36,58,0.67,33,3,151
北京,2019-10,68,23~163,良,40,66,0.681,41,3,42
北京,2019-11,76,30~183,良,44,78,0.797,48,5,32
北京,2019-12,73,28~233,良,44,60,0.845,46,4,37
北京,2020-01,86,30~221,良,59,65,0.955,40,6,53
北京,2020-02,89,34~257,良,62,57,0.883,27,4,66
北京,2020-03,63,36~153,良,35,53,0.484,25,4,84
北京,2020-04,75,42~202,良,31,67,0.403,22,4,119
北京,2020-05,85,36~204,良,36,62,0.603,23,4,124
北京,2020-06,116,60~202,轻度污染,32,67,0.567,23,3,174
北京,2020-07,99,48~152,良,41,47,0.671,21,3,150
北京,2020-08,80,27~135,良,28,41,0.645,22,3,131
北京,2020-09,56,22~158,良,24,35,0.537,26,3,96
北京,2020-10,72,26~185,良,42,70,0.561,41,3,60
北京,2020-11,66,26~140,良,37,62,0.653,42,3,41
北京,2020-12,56,27~97,良,28,56,0.619,38,5,40
北京,2021-01,72,30~176,良,33,55,0.69,31,4,49
北京,2021-02,94,36~257,良,61,75,0.804,28,4,73
北京,2021-03,149,34~500,轻度污染,64,66,0.703,35,3,71
北京,2021-04,71,41~187,良,29,59,0.437,27,3,106
北京,2021-05,84,38~253,良,18,49,0.419,21,3,122
北京,2021-06,85,36~191,良,19,43,0.533,19,3,139
北京,2021-07,71,29~125,良,16,32,0.574,14,2,121
北京,2021-08,72,38~125,良,18,36,0.594,15,3,124
北京,2021-09,57,25~108,良,18,36,0.63,21,3,99
北京,2021-10,50,20~153,优,25,43,0.471,30,3,58
北京,2021-11,75,29~193,良,44,65,0.643,36,3,42
北京,2021-12,55,28~123,良,27,52,0.581,36,3,40
北京,2022-01,68,29~198,良,45,52,0.742,34,3,45
北京,2022-02,47,35~84,优,22,37,0.436,20,3,72
北京,2022-03,70,36~205,良,39,72,0.526,27,3,80
北京,2022-04,75,38~130,良,34,75,0.453,22,3,116
北京,2022-05,86,36~178,良,21,50,3,0.355,17,138
北京,2022-06,102,44~205,轻度污染,23,46,3,0.563,14,158
北京,2022-07,86,45~161,良,19,35,3,0.468,15,142
北京,2022-08,67,26~120,良,19,34,3,0.465,15,115
北京,2022-09,90,36~157,良,22,46,2,0.436,21,145
上海,2013-12,158,24~468,中度污染,125,140,71,1.373,48,49
上海,2014-01,103,30~238,轻度污染,77,90,54,0.997,28,58
上海,2014-02,74,27~240,良,52,59,36,0.796,17,73
上海,2014-03,82,39~202,良,57,84,51,0.787,19,100
上海,2014-04,77,50~187,良,53,67,47,0.727,15,108
上海,2014-05,96,53~193,良,63,99,42,0.777,17,142
上海,2014-06,72,37~182,良,44,58,35,0.72,12,118
上海,2014-07,74,32~167,良,45,63,31,0.765,12,112
上海,2014-08,67,30~150,良,38,52,34,0.768,13,112
上海,2014-09,69,32~138,良,35,52,32,0.74,13,117
上海,2014-10,77,52~137,良,40,68,42,0.781,16,119
上海,2014-11,74,38~182,良,52,71,52,0.843,18,84
上海,2014-12,99,39~190,良,72,113,68,1.09,36,47
上海,2015-01,111,28~256,轻度污染,83,108,63,1.09,29,56
上海,2015-02,90,34~222,良,64,85,46,0.946,20,81
上海,2015-03,81,37~143,良,54,66,48,0.845,15,102
上海,2015-04,88,44~166,良,56,81,53,0.79,16,122
上海,2015-05,77,51~117,良,44,63,39,0.697,12,126
上海,2015-06,80,43~188,良,43,57,35,0.697,11,129
上海,2015-07,84,31~171,良,39,57,31,0.658,11,134
上海,2015-08,86,28~181,良,40,58,28,0.735,13,135
上海,2015-09,79,35~159,良,34,49,32,0.72,13,132
上海,2015-10,82,47~133,良,47,73,49,0.816,17,127
上海,2015-11,87,35~179,良,58,74,58,1.09,17,69
上海,2015-12,117,53~266,轻度污染,82,104,67,1.197,25,52
上海,2016-01,102,40~213,轻度污染,70,91,57,1.045,24,69
上海,2016-02,80,42~178,良,54,78,43,0.855,19,97
上海,2016-03,80,45~134,良,52,76,49,0.684,17,107
上海,2016-04,90,53~159,良,56,81,50,0.737,14,126
上海,2016-05,93,51~163,良,51,77,41,0.742,12,135
上海,2016-06,79,43~139,良,40,54,36,0.703,10,122
上海,2016-07,95,24~169,良,38,59,31,0.752,10,143
上海,2016-08,59,26~135,良,19,36,23,0.665,11,104
上海,2016-09,68,23~163,良,32,45,34,0.723,12,112
上海,2016-10,51,29~72,良,22,37,33,0.632,12,87
上海,2016-11,78,37~144,良,44,62,58,0.867,16,69
上海,2016-12,94,38~185,良,58,77,65,1.058,19,64
上海,2017-01,73,34~130,良,45,55,47,0.945,17,74
上海,2017-02,77,38~154,良,50,57,49,0.868,14,93
上海,2017-03,71,47~102,良,44,58,50,0.768,12,108
上海,2017-04,91,53~139,良,45,70,51,0.83,12,133
上海,2017-05,88,42~161,良,28,49,37,0.674,11,136
上海,2017-06,83,46~160,良,38,42,35,0.7,9,130
上海,2017-07,117,33~205,轻度污染,33,55,30,0.706,10,177
上海,2017-08,97,25~193,良,31,47,32,0.781,8,151
上海,2017-09,74,44~168,良,26,42,36,0.77,9,118
上海,2017-10,58,36~88,良,24,42,34,0.732,9,101
上海,2017-11,78,38~130,良,41,68,59,0.863,13,80
上海,2017-12,97,48~225,良,54,75,69,1.061,15,39
上海,2018-01,88,32~241,良,57,64,53,0.89,13,57
上海,2018-02,70,36~163,良,44,60,43,0.725,12,83
上海,2018-03,65,38~117,良,39,48,42,0.581,11,94
上海,2018-04,78,0~160,良,38,70,43,0.593,12,121
上海,2018-05,80,38~132,良,41,54,38,0.597,10,125
上海,2018-06,80,38~184,良,32,38,29,0.53,9,133
上海,2018-07,53,20~166,良,19,32,22,0.442,8,90
上海,2018-08,52,27~125,良,15,28,19,0.468,6,93
上海,2018-09,71,26~146,良,24,39,34,0.64,7,111
上海,2018-10,67,43~124,良,25,46,41,0.545,8,110
上海,2018-11,72,42~163,良,40,46,53,0.68,7,81
上海,2018-12,66,36~135,良,36,50,50,0.671,8,54
上海,2019-01,81,34~135,良,49,61,57,0.826,9,60
上海,2019-02,65,36~160,良,41,51,36,0.721,6,76
上海,2019-03,80,46~127,良,51,65,52,0.758,7,100
上海,2019-04,71,43~123,良,40,51,45,0.697,6,106
上海,2019-05,86,36~202,良,33,53,39,0.606,7,134
上海,2019-06,72,36~177,良,29,31,28,0.537,5,121
上海,2019-07,69,25~137,良,26,32,29,0.503,5,117
上海,2019-08,70,23~181,良,24,34,27,0.603,6,113
上海,2019-09,63,28~120,良,21,32,33,0.613,6,105
上海,2019-10,67,20~131,良,31,56,43,0.626,8,98
上海,2019-11,65,33~110,良,27,57,46,0.6,8,83
上海,2019-12,81,34~148,良,50,52,63,0.806,9,61
上海,2020-01,81,35~173,良,54,45,44,0.848,7,67
上海,2020-02,55,30~104,良,33,35,29,0.617,6,87
上海,2020-03,57,37~104,良,27,39,33,0.574,6,99
上海,2020-04,76,45~130,良,33,54,41,0.597,7,127
上海,2020-05,84,38~157,良,39,51,36,0.726,7,130
上海,2020-06,68,30~130,良,30,31,33,0.697,6,110
上海,2020-07,66,29~156,良,27,32,32,0.61,5,105
上海,2020-08,59,27~115,良,20,35,23,0.5,6,103
上海,2020-09,72,33~179,良,25,38,40,0.723,6,112
上海,2020-10,58,37~102,良,19,38,37,0.59,7,97
上海,2020-11,58,34~115,良,27,44,42,0.64,7,78
上海,2020-12,81,34~206,良,47,53,55,0.781,7,57
上海,2021-01,72,45~103,良,39,67,50,0.694,8,59
上海,2021-02,53,34~98,良,29,42,32,0.586,6,83
上海,2021-03,66,38~188,良,33,47,40,0.61,5,86
上海,2021-04,63,42~96,良,31,48,36,0.577,5,99
上海,2021-05,78,40~138,良,30,49,31,0.642,5,128
上海,2021-06,57,29~143,良,22,28,28,0.543,5,99
上海,2021-07,56,21~122,良,17,28,19,0.494,5,99
上海,2021-08,58,24~102,良,17,28,22,0.539,5,103
上海,2021-09,66,17~125,良,19,32,24,0.633,5,114
上海,2021-10,52,29~115,良,17,34,30,0.552,5,87
上海,2021-11,66,34~98,良,32,55,49,0.687,6,78
上海,2021-12,79,32~133,良,43,59,60,0.874,7,60
上海,2022-01,68,35~149,良,42,45,43,0.829,5,68
上海,2022-02,53,36~107,良,30,43,29,0.6,5,87
上海,2022-03,62,32~117,良,29,54,32,0.661,6,102
上海,2022-04,77,36~134,良,24,38,18,0.72,7,130
上海,2022-05,77,39~137,良,21,30,17,6,0.732,130
上海,2022-06,71,30~145,良,20,30,19,4,0.54,123
上海,2022-07,82,21~150,良,22,34,20,4,0.59,134
上海,2022-08,84,38~131,良,18,33,20,5,0.655,139
上海,2022-09,66,21~141,良,15,31,19,5,0.591,114
广州,2013-12,109,21~190,轻度污染,82,106,1.283,63,27,81
广州,2014-01,120,59~207,轻度污染,90,117,1.371,74,22,91
广州,2014-02,63,12~145,良,46,61,0.971,44,12,59
广州,2014-03,77,28~172,良,55,79,1.129,57,17,62
广州,2014-04,69,48~108,良,49,69,0.967,54,19,79
广州,2014-05,52,33~102,良,33,49,0.961,43,16,66
广州,2014-06,71,34~142,良,34,53,0.887,38,15,109
广州,2014-07,84,29~191,良,35,55,0.755,35,16,133
广州,2014-08,76,26~186,良,31,49,0.777,34,15,123
广州,2014-09,75,23~148,良,36,56,0.843,35,16,124
广州,2014-10,96,52~139,良,59,85,0.945,49,17,148
广州,2014-11,70,15~125,良,50,67,1.08,48,16,83
广州,2014-12,76,28~142,良,55,82,1.232,41,19,60
广州,2015-01,81,22~176,良,60,85,1.261,65,20,70
广州,2015-02,75,28~147,良,55,75,1.079,49,12,67
广州,2015-03,49,17~90,优,33,49,1.023,45,10,39
广州,2015-04,71,21~170,良,38,60,1.04,45,14,99
广州,2015-05,47,28~99,优,27,42,0.845,42,12,72
广州,2015-06,52,28~89,良,21,36,0.74,31,11,94
广州,2015-07,65,38~159,良,28,45,0.81,32,9,104
广州,2015-08,89,49~200,良,39,60,0.884,39,13,131
广州,2015-09,80,45~157,良,42,65,0.9,44,11,117
广州,2015-10,71,30~131,良,45,77,0.919,53,12,95
广州,2015-11,65,33~95,良,38,67,1.013,50,14,66
广州,2015-12,69,33~166,良,41,64,1.09,50,12,39
广州,2016-01,65,29~153,良,35,54,1.097,49,9,37
广州,2016-02,58,30~130,良,36,53,0.866,40,9,62
广州,2016-03,78,30~175,良,47,71,1.068,61,13,65
广州,2016-04,66,45~129,良,38,55,1.053,51,13,47
广州,2016-05,65,33~147,良,31,51,0.926,38,11,96
广州,2016-06,60,36~120,良,23,41,0.85,33,9,97
广州,2016-07,74,28~202,良,27,45,0.877,33,12,113
广州,2016-08,82,25~197,良,37,56,0.894,40,14,125
广州,2016-09,76,38~201,良,36,57,0.903,41,12,107
广州,2016-10,51,33~85,良,30,48,0.89,35,11,79
广州,2016-11,76,33~166,良,41,69,1.017,62,14,78
广州,2016-12,86,37~128,良,51,83,1.103,71,14,84
广州,2017-01,81,40~205,良,54,76,1.229,65,12,79
广州,2017-02,74,33~122,良,44,62,0.95,59,13,93
广州,2017-03,81,48~109,良,41,66,1.003,66,12,59
广州,2017-04,83,45~181,良,34,61,0.86,58,12,92
广州,2017-05,90,43~201,良,34,56,0.897,52,12,129
广州,2017-06,56,40~117,良,18,35,0.777,39,10,86
广州,2017-07,66,33~151,良,21,36,0.823,42,12,96
广州,2017-08,73,28~152,良,23,39,0.803,39,11,114
广州,2017-09,97,36~204,良,34,55,0.97,51,12,141
广州,2017-10,66,29~122,良,32,49,0.91,42,11,113
广州,2017-11,67,36~108,良,39,59,1,51,11,70
广州,2017-12,81,35~126,良,51,76,1.042,65,16,47
广州,2018-01,89,34~183,良,58,75,1.032,68,13,61
广州,2018-02,66,24~180,良,42,54,0.711,41,9,77
广州,2018-03,77,34~133,良,40,59,0.765,56,12,97
广州,2018-04,73,35~141,良,37,63,0.753,50,11,88
广州,2018-05,71,39~150,良,22,38,0.648,36,9,114
广州,2018-06,67,37~137,良,20,33,0.67,36,8,100
广州,2018-07,57,30~133,良,17,32,0.639,33,7,90
广州,2018-08,67,35~118,良,23,38,0.739,41,7,105
广州,2018-09,71,28~134,良,27,42,0.677,39,8,117
广州,2018-10,79,41~147,良,35,55,0.765,48,10,108
广州,2018-11,67,35~99,良,39,59,0.857,51,8,78
广州,2018-12,57,27~113,良,32,49,0.874,45,7,52
广州,2019-01,73,38~122,良,48,69,1.187,54,7,64
广州,2019-02,49,25~97,优,26,42,0.954,35,5,52
广州,2019-03,67,38~101,良,29,52,0.877,52,6,69
广州,2019-04,62,43~89,良,24,42,0.807,47,6,73
广州,2019-05,62,37~168,良,21,37,0.735,39,6,92
广州,2019-06,64,36~135,良,16,30,0.683,34,5,101
广州,2019-07,59,28~142,良,19,36,0.648,32,6,98
广州,2019-08,83,24~167,良,23,41,0.732,36,6,130
广州,2019-09,99,29~166,良,30,54,0.753,41,7,153
广州,2019-10,101,50~164,轻度污染,39,66,0.826,42,8,154
广州,2019-11,91,38~142,良,42,84,0.827,57,9,142
广州,2019-12,82,42~122,良,42,85,0.984,68,10,86
广州,2020-01,62,25~122,良,29,53,0.926,44,6,80
广州,2020-02,50,20~92,优,24,35,0.734,30,5,81
广州,2020-03,55,35~79,良,21,39,0.726,39,6,66
广州,2020-04,81,38~201,良,27,53,0.807,48,8,109
广州,2020-05,66,34~137,良,18,37,0.71,33,6,114
广州,2020-06,52,32~100,良,12,26,0.63,28,6,85
广州,2020-07,64,30~158,良,12,28,0.584,24,6,110
广州,2020-08,76,27~161,良,18,33,0.635,31,7,122
广州,2020-09,68,34~164,良,21,38,0.81,39,7,108
广州,2020-10,66,36~140,良,28,50,0.777,33,8,113
广州,2020-11,73,34~125,良,32,62,0.827,44,9,114
广州,2020-12,60,29~110,良,35,63,0.906,45,9,78
广州,2021-01,77,37~170,良,45,87,0.842,58,10,93
广州,2021-02,72,20~127,良,28,47,0.725,31,8,116
广州,2021-03,62,33~120,良,29,60,0.803,42,8,85
广州,2021-04,73,34~200,良,25,52,0.803,37,7,109
广州,2021-05,57,30~153,良,16,35,0.639,26,7,104
广州,2021-06,58,27~122,良,15,30,0.65,25,7,102
广州,2021-07,71,25~126,良,16,33,0.642,24,7,121
广州,2021-08,57,32~139,良,15,31,0.655,29,7,101
广州,2021-09,83,34~163,良,22,40,0.73,31,7,137
广州,2021-10,54,20~103,良,20,36,0.713,27,7,92
广州,2021-11,57,31~81,良,25,51,0.633,39,8,93
广州,2021-12,58,33~88,良,31,57,0.771,43,8,79
广州,2022-01,55,24~100,良,31,53,0.961,40,7,67
广州,2022-02,36,19~117,优,16,25,0.793,23,6,60
广州,2022-03,62,27~120,良,24,45,0.79,37,7,99
广州,2022-04,68,29~155,良,21,42,0.7,30,7,109
广州,2022-05,60,28~150,良,18,33,29,6,0.703,99
广州,2022-06,41,25~82,优,11,24,23,6,0.6,74
广州,2022-07,77,23~167,良,17,32,22,6,0.606,125
广州,2022-08,59,22~124,良,14,26,23,6,0.626,102
广州,2022-09,93,49~143,良,26,43,24,6,0.736,150
深圳,2013-12,103,21~173,轻度污染,77,109,51,1.433,19,87
深圳,2014-01,82,43~130,良,60,90,42,1.248,14,96
深圳,2014-02,47,20~66,优,31,45,30,1.157,7,63
深圳,2014-03,56,27~90,良,37,61,37,0.919,8,64
深圳,2014-04,52,29~71,良,32,53,34,0.92,8,81
深圳,2014-05,34,22~51,优,17,32,28,0.874,6,51
深圳,2014-06,42,23~82,优,20,42,26,0.943,6,61
深圳,2014-07,44,26~105,优,20,43,27,1.097,7,70
深圳,2014-08,36,24~73,优,15,36,27,0.929,6,57
深圳,2014-09,52,27~125,良,26,51,30,1.13,7,83
深圳,2014-10,73,52~116,良,45,76,32,1.213,9,122
深圳,2014-11,62,38~93,良,43,66,37,1.187,9,87
深圳,2014-12,70,26~99,良,50,77,44,1.223,11,72
深圳,2015-01,70,30~131,良,49,80,45,1.226,10,91
深圳,2015-02,67,25~131,良,47,72,33,1.082,9,85
深圳,2015-03,49,32~70,优,31,52,33,0.977,7,65
深圳,2015-04,52,25~95,良,27,52,34,0.853,8,79
深圳,2015-05,36,24~76,优,16,33,29,0.829,7,58
深圳,2015-06,28,23~37,优,11,26,25,0.743,8,49
深圳,2015-07,43,29~83,优,19,34,27,0.835,8,73
深圳,2015-08,56,29~109,良,25,43,36,0.829,10,84
深圳,2015-09,61,30~114,良,30,46,30,0.743,8,101
深圳,2015-10,68,25~137,良,38,59,34,0.758,9,115
深圳,2015-11,54,30~94,良,32,52,32,0.82,8,97
深圳,2015-12,53,29~82,良,32,50,37,0.977,8,67
深圳,2016-01,54,33~99,良,30,44,38,0.981,7,67
深圳,2016-02,51,30~88,良,30,46,30,0.821,8,79
深圳,2016-03,62,31~119,良,35,53,43,0.855,10,86
深圳,2016-04,55,32~85,良,26,40,36,0.757,10,77
深圳,2016-05,53,29~112,良,22,36,26,0.81,9,91
深圳,2016-06,38,26~59,优,13,25,27,0.627,8,66
深圳,2016-07,51,24~167,良,17,30,27,0.668,9,84
深圳,2016-08,62,29~132,良,24,38,32,0.768,8,103
深圳,2016-09,64,35~134,良,27,42,30,0.783,8,102
深圳,2016-10,46,23~68,优,24,38,27,0.771,6,82
深圳,2016-11,55,33~111,良,31,49,36,0.85,7,85
深圳,2016-12,67,33~95,良,45,71,43,0.974,9,103
深圳,2017-01,61,37~85,良,38,55,33,0.997,8,92
深圳,2017-02,59,35~89,良,32,45,30,0.875,7,101
深圳,2017-03,54,36~87,良,31,51,34,0.832,7,90
深圳,2017-04,58,32~112,良,27,44,33,0.797,8,88
深圳,2017-05,67,30~149,良,27,42,31,0.848,8,110
深圳,2017-06,32,21~48,优,12,22,25,0.69,7,47
深圳,2017-07,39,21~151,优,14,24,23,0.671,7,62
深圳,2017-08,49,23~168,优,18,30,28,0.713,8,81
深圳,2017-09,64,23~187,良,25,39,29,0.76,7,104
深圳,2017-10,64,24~121,良,30,49,22,0.823,7,111
深圳,2017-11,59,32~102,良,37,58,33,0.85,8,91
深圳,2017-12,70,36~114,良,46,75,34,0.842,11,63
深圳,2018-01,58,27~125,良,37,58,34,0.755,7,80
深圳,2018-02,52,22~82,良,34,51,25,0.629,7,83
深圳,2018-03,53,23~75,良,26,43,27,0.558,7,92
深圳,2018-04,49,28~76,优,27,49,26,0.577,7,81
深圳,2018-05,46,24~123,优,16,28,23,0.471,7,84
深圳,2018-06,45,24~127,优,15,26,23,0.52,6,79
深圳,2018-07,32,19~85,优,11,23,21,0.445,6,56
深圳,2018-08,53,23~160,良,18,29,27,0.558,6,86
深圳,2018-09,53,22~90,良,22,36,27,0.543,7,92
深圳,2018-10,69,34~115,良,29,50,26,0.584,8,116
深圳,2018-11,50,36~87,优,28,47,29,0.61,7,83
深圳,2018-12,48,31~68,优,27,47,32,0.694,6,57
深圳,2019-01,59,39~99,良,38,62,36,0.91,6,73
深圳,2019-02,37,21~50,优,19,30,18,0.671,5,66
深圳,2019-03,46,29~75,优,23,36,26,0.655,4,77
深圳,2019-04,46,22~102,优,20,32,23,0.577,4,84
深圳,2019-05,46,24~98,优,17,30,20,0.574,4,85
深圳,2019-06,38,20~110,优,10,19,20,0.533,4,66
深圳,2019-07,40,21~150,优,14,27,20,0.535,4,69
深圳,2019-08,61,23~176,良,17,30,22,0.574,4,104
深圳,2019-09,86,19~169,良,24,42,24,0.58,5,138
深圳,2019-10,88,45~180,良,33,54,24,0.677,6,143
深圳,2019-11,81,41~110,良,36,69,31,0.6,7,135
深圳,2019-12,62,46~93,良,38,69,41,0.7,7,86
深圳,2020-01,47,19~67,优,27,45,24,0.674,5,80
深圳,2020-02,41,24~75,优,19,30,17,0.552,5,77
深圳,2020-03,44,29~66,优,21,38,24,0.619,5,73
深圳,2020-04,56,29~134,良,23,41,29,0.587,6,93
深圳,2020-05,40,20~80,优,14,26,23,0.552,5,74
深圳,2020-06,25,20~32,优,7,16,18,0.47,5,46
深圳,2020-07,27,19~69,优,7,16,17,0.513,6,52
深圳,2020-08,42,19~139,优,13,23,20,0.535,6,73
深圳,2020-09,54,19~138,良,16,28,22,0.617,6,93
深圳,2020-10,63,32~108,良,24,45,18,0.626,6,112
深圳,2020-11,63,32~103,良,27,53,27,0.647,7,107
深圳,2020-12,57,35~98,良,34,62,34,0.716,7,79
深圳,2021-01,67,44~101,良,36,72,42,0.694,7,94
深圳,2021-02,53,28~86,良,20,34,22,0.618,6,97
深圳,2021-03,48,24~93,优,19,41,27,0.629,6,80
深圳,2021-04,57,23~96,良,19,42,22,0.59,6,98
深圳,2021-05,35,21~111,优,10,22,19,0.535,6,65
深圳,2021-06,40,23~156,优,10,24,17,0.527,5,70
深圳,2021-07,44,18~168,优,10,22,18,0.519,5,76
深圳,2021-08,35,20~72,优,11,23,22,0.581,6,63
深圳,2021-09,60,19~164,良,16,29,22,0.593,6,102
深圳,2021-10,47,17~75,优,16,32,17,0.606,6,87
深圳,2021-11,57,29~79,良,23,49,29,0.54,7,103
深圳,2021-12,56,30~95,良,27,52,33,0.684,6,88
深圳,2022-01,48,25~69,优,26,41,27,0.71,5,85
深圳,2022-02,40,18~114,优,14,22,17,0.661,5,76
深圳,2022-03,49,23~84,优,17,31,22,0.626,5,90
深圳,2022-04,56,24~125,良,16,33,20,0.567,5,97
深圳,2022-05,49,20~102,优,12,23,0.561,17,4,88
深圳,2022-06,26,17~34,优,7,18,0.53,15,5,49
深圳,2022-07,50,21~164,优,11,24,0.526,16,5,86
深圳,2022-08,42,19~129,优,9,22,0.577,17,5,76
深圳,2022-09,91,51~139,良,25,42,0.718,17,7,148
杭州,2013-12,179,33~413,中度污染,142,192,79,45,1.623,43
杭州,2014-01,136,53~265,轻度污染,103,142,61,33,1.155,49
杭州,2014-02,81,20~252,良,60,71,39,19,0.879,55
杭州,2014-03,82,46~139,良,59,95,50,23,0.826,86
杭州,2014-04,83,37~140,良,60,96,51,22,0.77,90
杭州,2014-05,91,46~151,良,59,115,46,19,0.823,128
杭州,2014-06,89,36~181,良,54,88,40,13,0.813,130
杭州,2014-07,84,36~150,良,44,72,34,10,0.768,129
杭州,2014-08,75,27~120,良,45,70,35,12,0.903,118
杭州,2014-09,74,28~162,良,46,70,34,15,0.813,118
杭州,2014-10,88,49~146,良,59,98,47,21,0.848,128
杭州,2014-11,101,41~164,轻度污染,75,107,59,22,1.05,67
杭州,2014-12,100,57~145,良,72,117,61,32,1.006,49
杭州,2015-01,118,31~236,轻度污染,89,120,62,25,1.223,48
杭州,2015-02,88,30~179,良,65,87,39,13,0.95,73
杭州,2015-03,76,45~138,良,53,81,47,15,0.839,82
杭州,2015-04,82,35~136,良,54,89,48,17,0.847,118
杭州,2015-05,94,40~169,良,54,82,41,15,0.758,138
杭州,2015-06,68,36~104,良,40,61,36,9,0.737,106
杭州,2015-07,64,21~115,良,31,49,31,10,0.706,106
杭州,2015-08,81,27~138,良,39,61,34,13,0.797,131
杭州,2015-09,91,31~172,良,43,67,43,16,0.837,137
杭州,2015-10,83,48~143,良,56,90,53,18,0.861,115
杭州,2015-11,80,39~147,良,52,77,57,15,1.107,38
杭州,2015-12,123,56~283,轻度污染,90,135,65,20,1.19,40
杭州,2016-01,111,56~222,轻度污染,80,119,63,17,1.061,48
杭州,2016-02,89,38~162,良,64,101,41,14,0.848,84
杭州,2016-03,99,40~217,良,72,123,58,16,0.832,103
杭州,2016-04,83,46~143,良,46,82,50,11,0.81,115
杭州,2016-05,85,52~128,良,46,77,43,9,0.829,123
杭州,2016-06,74,34~152,良,36,58,36,8,0.75,117
杭州,2016-07,81,25~173,良,32,55,32,8,0.723,129
杭州,2016-08,93,23~144,良,25,41,20,9,0.626,149
杭州,2016-09,75,27~141,良,33,50,30,10,0.697,118
杭州,2016-10,60,38~87,良,32,54,45,12,0.797,65
杭州,2016-11,79,35~139,良,52,85,56,13,0.973,49
杭州,2016-12,98,44~158,良,69,110,63,15,1.123,50
杭州,2017-01,90,38~210,良,63,90,50,14,1.087,53
杭州,2017-02,91,37~175,良,67,92,51,14,0.964,83
杭州,2017-03,79,42~157,良,54,86,54,13,0.874,90
杭州,2017-04,90,41~140,良,47,82,49,13,0.93,137
杭州,2017-05,105,43~195,轻度污染,41,72,45,11,0.855,154
杭州,2017-06,73,37~194,良,30,45,34,8,0.84,115
杭州,2017-07,89,38~201,良,27,47,28,8,0.723,144
杭州,2017-08,77,33~132,良,23,38,28,7,0.745,129
杭州,2017-09,82,33~177,良,32,51,38,9,0.957,118
杭州,2017-10,62,33~140,良,32,58,42,11,0.881,91
杭州,2017-11,77,35~112,良,48,84,58,12,1.02,61
杭州,2017-12,104,62~236,轻度污染,73,118,67,14,1.281,26
杭州,2018-01,94,42~182,良,65,94,55,12,0.958,39
杭州,2018-02,80,27~173,良,57,85,40,10,0.875,64
杭州,2018-03,68,39~127,良,43,70,47,8,0.845,82
杭州,2018-04,82,40~154,良,42,85,46,9,0.78,112
杭州,2018-05,77,30~132,良,35,61,37,8,0.803,121
杭州,2018-06,83,34~152,良,27,46,30,8,0.69,136
杭州,2018-07,70,27~168,良,20,36,22,6,0.619,117
杭州,2018-08,71,29~140,良,19,34,21,7,0.723,119
杭州,2018-09,77,32~178,良,25,50,33,9,0.82,121
杭州,2018-10,71,47~115,良,33,64,44,10,0.816,107
杭州,2018-11,66,38~137,良,39,69,51,9,0.927,49
杭州,2018-12,77,37~155,良,49,80,52,9,1.032,30
杭州,2019-01,93,40~165,良,66,94,51,9,1.119,41
杭州,2019-02,67,31~179,良,46,63,32,8,0.939,58
杭州,2019-03,68,42~129,良,44,76,45,9,0.806,89
杭州,2019-04,72,43~129,良,38,69,45,7,0.753,99
杭州,2019-05,95,34~170,良,34,67,40,7,0.665,144
杭州,2019-06,90,42~155,良,29,49,32,5,0.683,136
杭州,2019-07,73,36~127,良,22,40,27,4,0.603,125
杭州,2019-08,81,22~157,良,23,42,25,5,0.629,130
杭州,2019-09,98,39~171,良,28,51,37,6,0.703,148
杭州,2019-10,74,27~130,良,37,74,48,7,0.761,102
杭州,2019-11,74,35~105,良,39,85,55,7,0.777,71
杭州,2019-12,79,47~122,良,50,86,57,7,0.9,43
杭州,2020-01,68,32~150,良,44,64,36,6,0.945,50
杭州,2020-02,48,22~86,优,28,44,18,5,0.634,81
杭州,2020-03,56,32~84,良,27,51,40,5,0.684,79
杭州,2020-04,75,38~111,良,34,72,47,7,0.66,123
杭州,2020-05,83,44~166,良,30,57,37,5,0.687,128
杭州,2020-06,56,33~94,良,19,34,31,4,0.65,91
杭州,2020-07,56,28~122,良,20,35,31,4,0.665,86
杭州,2020-08,71,28~121,良,19,38,24,5,0.545,123
杭州,2020-09,81,42~157,良,26,48,40,5,0.69,120
杭州,2020-10,66,34~100,良,24,52,44,6,0.639,104
杭州,2020-11,64,42~95,良,30,64,49,7,0.8,66
杭州,2020-12,86,39~137,良,58,103,61,8,0.968,38
杭州,2021-01,75,38~103,良,46,95,48,7,0.813,55
杭州,2021-02,55,29~95,良,32,56,25,5,0.661,79
杭州,2021-03,61,39~101,良,26,54,40,5,0.668,82
杭州,2021-04,67,35~115,良,26,51,38,6,0.617,102
杭州,2021-05,72,35~133,良,24,48,30,5,0.635,119
杭州,2021-06,77,29~152,良,22,39,28,5,0.563,124
杭州,2021-07,56,19~127,良,15,29,19,5,0.526,100
杭州,2021-08,73,34~157,良,20,35,22,5,0.574,123
杭州,2021-09,87,18~193,良,25,46,28,6,0.62,140
杭州,2021-10,59,29~122,良,22,45,35,6,0.597,94
杭州,2021-11,60,34~90,良,30,65,45,7,0.667,64
杭州,2021-12,72,35~132,良,48,89,52,8,0.819,53
杭州,2022-01,80,33~159,良,56,84,44,6,0.861,55
杭州,2022-02,60,30~166,良,40,59,32,6,0.668,79
杭州,2022-03,63,33~129,良,29,56,40,6,0.71,99
杭州,2022-04,76,32~121,良,33,65,37,6,0.64,123
杭州,2022-05,82,38~139,良,26,47,6,32,0.619,131
杭州,2022-06,72,28~164,良,20,36,6,22,0.637,122
杭州,2022-07,74,41~158,良,18,33,6,19,0.584,127
杭州,2022-08,92,41~143,良,21,38,6,20,0.626,149
杭州,2022-09,96,27~158,良,25,43,6,23,0.636,150
天津,2013-12,156,31~371,中度污染,120,203,2.7,129,78,26
天津,2014-01,147,26~357,轻度污染,113,179,2.526,113,71,27
天津,2014-02,129,31~289,轻度污染,96,136,2.079,100,61,44
天津,2014-03,150,57~252,轻度污染,112,173,1.994,69,71,66
天津,2014-04,121,64~199,轻度污染,85,153,1.41,35,56,99
天津,2014-05,102,44~204,轻度污染,70,132,1.348,29,49,116
天津,2014-06,97,47~141,良,58,93,1.387,21,41,146
天津,2014-07,117,63~177,轻度污染,76,114,1.497,22,39,160
天津,2014-08,87,48~134,良,57,100,1.452,20,40,124
天津,2014-09,80,37~150,良,56,87,1.29,21,40,84
天津,2014-10,134,42~285,轻度污染,99,146,1.142,19,53,51
天津,2014-11,145,50~422,轻度污染,111,156,1.887,52,68,43
天津,2014-12,144,43~378,轻度污染,107,154,2.061,76,65,35
天津,2015-01,133,36~364,轻度污染,100,161,2.252,76,70,33
天津,2015-02,116,42~236,轻度污染,80,146,1.746,60,51,49
天津,2015-03,117,54~274,轻度污染,72,166,1.435,37,52,60
天津,2015-04,92,39~145,良,64,109,0.913,15,30,74
天津,2015-05,88,40~156,良,51,90,0.977,14,27,130
天津,2015-06,99,32~175,良,59,92,1.363,15,34,142
天津,2015-07,78,46~122,良,49,88,0.706,7,18,116
天津,2015-08,78,44~149,良,50,94,1,11,25,110
天津,2015-09,68,27~147,良,44,75,0.87,13,25,81
天津,2015-10,86,37~219,良,54,100,1.058,17,42,70
天津,2015-11,119,35~345,轻度污染,88,133,2.037,36,57,36
天津,2015-12,162,28~391,中度污染,125,189,2.058,45,66,22
天津,2016-01,106,49~384,轻度污染,74,124,1.565,37,58,34
天津,2016-02,77,30~189,良,50,85,1.317,27,42,53
天津,2016-03,121,49~267,轻度污染,81,148,1.516,30,54,62
天津,2016-04,100,53~273,轻度污染,64,128,0.993,19,43,98
天津,2016-05,90,57~154,良,51,93,0.942,17,42,133
天津,2016-06,101,51~185,轻度污染,54,77,0.997,12,36,151
天津,2016-07,88,32~136,良,53,71,0.858,7,28,127
天津,2016-08,72,38~135,良,41,65,0.855,9,31,105
天津,2016-09,88,40~165,良,52,83,1.243,15,42,125
天津,2016-10,91,40~225,良,64,90,1.426,18,51,65
天津,2016-11,138,32~307,轻度污染,104,150,2.023,27,66,38
天津,2016-12,175,60~340,中度污染,135,177,2.739,35,84,32
天津,2017-01,142,39~330,轻度污染,109,127,2.439,31,67,44
天津,2017-02,118,43~281,轻度污染,85,115,1.664,28,64,73
天津,2017-03,100,43~251,轻度污染,70,106,1.352,24,64,100
天津,2017-04,98,57~172,良,64,125,1.21,19,57,115
天津,2017-05,139,51~500,轻度污染,41,91,0.981,12,40,158
天津,2017-06,115,49~177,轻度污染,46,78,1.057,10,37,173
天津,2017-07,104,44~188,轻度污染,52,72,1.148,6,30,156
天津,2017-08,90,38~155,良,37,55,1.139,8,31,144
天津,2017-09,102,41~158,轻度污染,54,90,1.22,13,39,154
天津,2017-10,90,33~247,良,62,74,1.355,12,54,66
天津,2017-11,87,40~201,良,53,86,1.21,14,58,46
天津,2017-12,108,40~303,轻度污染,69,100,1.616,18,62,24
天津,2018-01,82,29~190,良,53,84,1.242,17,51,43
天津,2018-02,88,0~189,良,60,85,1.093,15,39,70
天津,2018-03,108,0~322,轻度污染,75,100,1.09,14,54,86
天津,2018-04,88,0~213,良,44,98,0.817,9,41,119
天津,2018-05,80,0~146,良,38,75,0.826,8,38,137
天津,2018-06,121,53~189,轻度污染,40,69,0.85,7,29,182
天津,2018-07,89,32~151,良,38,51,0.835,5,24,141
天津,2018-08,97,24~200,良,29,49,0.994,6,29,148
天津,2018-09,68,38~116,良,30,54,0.787,9,37,106
天津,2018-10,80,35~152,良,44,71,0.926,12,54,82
天津,2018-11,112,0~305,轻度污染,79,98,1.31,16,64,46
天津,2018-12,86,0~293,良,53,91,1.119,16,56,37
天津,2019-01,114,40~298,轻度污染,81,112,1.426,19,62,42
天津,2019-02,110,33~287,轻度污染,78,105,1.221,14,45,69
天津,2019-03,85,39~189,良,54,84,0.865,11,45,94
天津,2019-04,90,43~282,良,49,95,0.793,11,38,112
天津,2019-05,103,52~204,轻度污染,41,88,0.648,11,33,156
天津,2019-06,127,37~202,轻度污染,42,65,0.857,9,29,184
天津,2019-07,121,46~191,轻度污染,41,54,0.89,6,23,181
天津,2019-08,79,28~160,良,26,44,0.806,6,29,129
天津,2019-09,103,43~186,轻度污染,41,71,0.92,11,41,153
天津,2019-10,88,36~193,良,50,82,0.877,10,48,78
天津,2019-11,86,34~207,良,51,90,1.043,13,56,41
天津,2019-12,95,37~225,良,61,77,1.161,10,57,35
天津,2020-01,138,42~289,轻度污染,101,105,1.448,12,60,50
天津,2020-02,87,32~219,良,61,62,0.931,9,33,68
天津,2020-03,70,40~147,良,43,67,0.7,8,37,89
天津,2020-04,80,45~174,良,40,79,0.68,9,34,123
天津,2020-05,84,42~166,良,35,63,0.732,7,32,129
天津,2020-06,116,55~203,轻度污染,38,76,0.83,8,29,171
天津,2020-07,104,49~148,轻度污染,41,53,0.852,5,23,163
天津,2020-08,87,33~143,良,34,45,0.942,5,26,136
天津,2020-09,67,29~161,良,29,44,0.86,7,35,113
天津,2020-10,86,31~176,良,54,80,0.852,10,52,78
天津,2020-11,79,35~160,良,47,76,0.89,10,53,47
天津,2020-12,86,32~199,良,53,78,0.984,12,56,38
天津,2021-01,86,30~168,良,45,74,1.055,11,50,46
天津,2021-02,89,37~219,良,57,85,0.943,10,40,70
天津,2021-03,131,41~500,轻度污染,58,78,0.926,9,47,80
天津,2021-04,73,43~157,良,36,71,0.69,9,39,105
天津,2021-05,82,39~177,良,23,51,0.658,8,27,122
天津,2021-06,90,47~201,良,29,56,0.83,7,26,145
天津,2021-07,85,32~148,良,21,38,0.777,5,18,139
天津,2021-08,87,45~154,良,23,43,0.823,6,24,143
天津,2021-09,69,36~131,良,23,46,0.877,8,30,115
天津,2021-10,72,24~201,良,39,71,0.761,9,46,67
天津,2021-11,77,28~173,良,47,87,0.91,10,48,44
天津,2021-12,79,29~203,良,50,90,0.874,11,51,38
天津,2022-01,77,33~196,良,52,78,0.913,9,41,50
天津,2022-02,62,36~179,良,37,60,0.679,8,33,76
天津,2022-03,74,41~143,良,45,79,0.768,9,37,84
天津,2022-04,75,36~115,良,37,72,0.637,10,27,123
天津,2022-05,88,40~151,良,27,61,10,24,0.581,141
天津,2022-06,101,48~203,轻度污染,29,53,9,20,0.76,159
天津,2022-07,91,30~149,良,23,39,7,18,0.7,147
天津,2022-08,72,31~140,良,22,36,7,20,0.652,124
天津,2022-09,96,45~153,良,25,54,9,32,0.655,153
成都,2013-12,175,72~285,中度污染,136,209,76,1.607,32,46
成都,2014-01,222,74~462,重度污染,179,256,73,1.587,32,50
成都,2014-02,149,43~234,轻度污染,113,150,49,1.421,25,54
成都,2014-03,114,40~211,轻度污染,84,137,64,1.297,24,77
成都,2014-04,90,43~160,良,60,100,51,1.037,16,110
成都,2014-05,110,60~185,轻度污染,76,131,52,0.819,15,136
成都,2014-06,74,36~166,良,44,72,46,0.863,13,110
成都,2014-07,75,27~122,良,40,71,47,0.868,13,122
成都,2014-08,69,28~108,良,38,64,44,0.916,12,110
成都,2014-09,62,31~114,良,40,68,46,0.96,14,74
成都,2014-10,88,37~219,良,64,104,52,1.11,16,66
成都,2014-11,76,41~132,良,53,96,49,1.067,15,41
成都,2014-12,117,55~230,轻度污染,84,156,57,1.21,23,40
成都,2015-01,165,43~259,中度污染,126,195,61,1.584,20,34
成都,2015-02,115,43~221,轻度污染,86,126,45,1.346,15,67
成都,2015-03,94,58~146,良,68,114,51,1.126,15,93
成都,2015-04,88,43~148,良,54,101,49,0.887,15,135
成都,2015-05,107,60~176,轻度污染,49,98,44,0.81,13,163
成都,2015-06,87,36~170,良,38,70,38,0.823,14,133
成都,2015-07,106,37~153,轻度污染,45,82,48,0.939,15,161
成都,2015-08,85,39~159,良,44,78,52,1.032,14,125
成都,2015-09,64,38~120,良,35,60,47,1.03,13,77
成都,2015-10,91,40~168,良,63,109,59,1.052,17,83
成都,2015-11,74,40~123,良,50,84,48,1.117,16,32
成都,2015-12,120,48~304,轻度污染,90,143,65,1.423,18,32
成都,2016-01,110,50~214,轻度污染,81,127,57,1.355,17,49
成都,2016-02,97,52~188,良,67,111,53,1.362,14,84
成都,2016-03,105,45~176,轻度污染,75,131,67,1.432,18,87
成都,2016-04,94,49~209,良,65,104,57,1.027,14,103
成都,2016-05,92,40~189,良,57,97,49,0.955,13,134
成都,2016-06,95,51~150,良,44,76,45,0.94,12,147
成都,2016-07,85,44~202,良,30,51,40,0.89,13,133
成都,2016-08,105,50~206,轻度污染,41,68,47,1.01,14,161
成都,2016-09,80,47~120,良,45,69,49,1.02,13,106
成都,2016-10,75,40~126,良,47,81,48,1.068,13,65
成都,2016-11,117,48~244,轻度污染,86,150,62,1.32,16,45
成都,2016-12,154,53~252,中度污染,117,193,69,1.581,18,32
成都,2017-01,173,42~375,中度污染,136,204,69,1.613,17,43
成都,2017-02,110,38~213,轻度污染,82,119,56,1.164,14,58
成都,2017-03,77,47~122,良,49,81,58,0.945,12,75
成都,2017-04,80,38~133,良,33,67,55,0.85,14,115
成都,2017-05,97,41~145,良,43,73,51,0.742,10,146
成都,2017-06,82,41~130,良,43,71,48,0.853,10,125
成都,2017-07,119,40~206,轻度污染,28,53,44,0.835,8,179
成都,2017-08,81,28~142,良,20,37,34,0.816,8,133
成都,2017-09,67,40~138,良,30,52,42,0.84,10,96
成都,2017-10,63,28~108,良,37,60,46,0.823,9,54
成都,2017-11,95,45~170,良,69,102,57,0.99,11,52
成都,2017-12,144,68~242,轻度污染,93,130,71,1.39,12,30
成都,2018-01,108,34~251,轻度污染,80,117,57,1.106,10,50
成都,2018-02,87,0~206,良,64,89,43,0.943,8,77
成都,2018-03,84,37~145,良,58,94,56,0.939,10,95
成都,2018-04,84,37~139,良,45,88,50,0.787,10,126
成都,2018-05,78,0~182,良,33,61,44,0.69,9,129
成都,2018-06,69,33~147,良,25,40,35,0.717,9,113
成都,2018-07,66,29~143,良,20,33,31,0.735,7,112
成都,2018-08,87,33~142,良,31,52,39,0.81,8,139
成都,2018-09,54,27~127,良,22,37,32,0.76,8,84
成都,2018-10,65,35~142,良,42,64,45,0.771,8,57
成都,2018-11,80,32~143,良,57,86,49,0.83,8,44
成都,2018-12,82,0~205,良,58,89,48,0.948,7,27
成都,2019-01,105,68~152,轻度污染,78,115,55,1.123,8,43
成都,2019-02,77,36~137,良,56,81,38,0.932,6,57
成都,2019-03,70,44~102,良,44,78,51,0.797,7,78
成都,2019-04,80,42~155,良,40,70,44,0.817,8,120
成都,2019-05,67,30~125,良,33,57,36,0.771,6,112
成都,2019-06,77,35~171,良,24,42,31,0.743,6,126
成都,2019-07,66,33~156,良,21,38,37,0.774,5,108
成都,2019-08,94,34~185,良,28,51,39,0.79,6,146
成都,2019-09,54,34~103,良,30,50,38,0.807,6,76
成都,2019-10,55,32~97,良,31,49,40,0.697,6,57
成都,2019-11,69,33~112,良,47,75,41,0.697,7,39
成都,2019-12,106,51~183,轻度污染,78,109,53,0.955,8,35
成都,2020-01,93,53~156,良,69,87,42,0.994,7,47
成都,2020-02,75,38~138,良,52,69,22,0.707,6,77
成都,2020-03,67,29~102,良,40,74,39,0.635,8,87
成都,2020-04,74,25~124,良,39,67,43,0.653,6,109
成都,2020-05,102,36~181,轻度污染,41,74,40,0.59,6,151
成都,2020-06,92,39~175,良,29,50,32,0.663,5,145
成都,2020-07,69,27~154,良,21,37,28,0.674,5,115
成都,2020-08,73,24~142,良,24,38,29,0.655,5,121
成都,2020-09,52,29~91,良,24,41,33,0.683,6,85
成都,2020-10,52,26~124,良,30,49,35,0.69,5,47
成都,2020-11,81,28~137,良,57,89,51,0.79,8,47
成都,2020-12,87,30~237,良,64,92,46,0.858,6,28
成都,2021-01,101,58~158,轻度污染,75,109,51,0.913,6,52
成都,2021-02,84,25~193,良,61,83,37,0.782,6,87
成都,2021-03,78,41~137,良,37,54,44,0.79,6,81
成都,2021-04,58,34~141,良,29,49,31,0.673,6,89
成都,2021-05,77,39~148,良,38,60,33,0.658,7,118
成都,2021-06,76,25~163,良,32,52,37,0.677,6,123
成都,2021-07,82,31~162,良,22,36,26,0.59,5,135
成都,2021-08,71,25~171,良,18,31,24,0.623,5,121
成都,2021-09,56,27~101,良,19,31,23,0.61,5,101
成都,2021-10,44,28~79,优,24,38,30,0.587,4,51
成都,2021-11,74,40~186,良,50,77,39,0.637,6,43
成都,2021-12,90,35~208,良,65,91,48,0.839,6,41
成都,2022-01,91,27~158,良,67,86,40,0.935,5,45
成都,2022-02,61,29~148,良,43,54,27,0.732,5,63
成都,2022-03,75,34~125,良,48,80,41,0.684,6,108
成都,2022-04,70,33~120,良,32,51,30,0.553,5,116
成都,2022-05,75,31~151,良,30,47,29,0.584,5,123
成都,2022-06,79,39~121,良,29,46,25,0.613,5,131
成都,2022-07,107,44~170,轻度污染,25,40,22,0.577,4,165
成都,2022-08,103,35~151,轻度污染,24,37,22,0.587,4,161
成都,2022-09,62,41~100,良,26,37,15,0.591,4,110
南京,2013-12,195,61~386,中度污染,155,243,61,1.62,87,37
南京,2014-01,166,65~347,中度污染,129,201,46,1.374,73,56
南京,2014-02,105,24~242,轻度污染,78,109,24,1.021,44,66
南京,2014-03,107,55~256,轻度污染,75,141,33,0.826,62,107
南京,2014-04,93,47~144,良,60,108,22,0.697,53,125
南京,2014-05,134,70~270,轻度污染,85,172,26,0.887,56,177
南京,2014-06,130,49~216,轻度污染,90,128,20,0.813,45,161
南京,2014-07,98,35~169,良,65,92,13,0.816,36,128
南京,2014-08,59,26~126,良,42,59,11,0.758,31,64
南京,2014-09,77,36~142,良,51,82,13,0.733,37,105
南京,2014-10,96,60~176,良,67,120,17,0.79,54,105
南京,2014-11,111,37~243,轻度污染,82,132,21,1.037,60,58
南京,2014-12,98,65~148,良,63,136,30,1.065,58,41
南京,2015-01,129,46~281,轻度污染,96,154,30,1.313,66,40
南京,2015-02,101,29~212,轻度污染,73,115,21,1.175,44,70
南京,2015-03,83,31~186,良,56,96,20,1.113,49,83
南京,2015-04,87,44~153,良,50,95,20,0.92,56,123
南京,2015-05,95,45~145,良,52,90,18,0.887,47,141
南京,2015-06,89,28~185,良,46,77,14,0.863,39,132
南京,2015-07,77,28~146,良,36,64,12,0.713,36,117
南京,2015-08,93,30~166,良,33,65,14,0.745,38,147
南京,2015-09,84,50~145,良,30,62,15,0.733,44,138
南京,2015-10,92,42~201,良,56,112,22,0.932,61,119
南京,2015-11,84,39~190,良,57,88,17,1.087,53,59
南京,2015-12,131,60~241,轻度污染,94,143,25,1.21,65,49
南京,2016-01,111,47~234,轻度污染,79,124,26,1.345,58,58
南京,2016-02,100,47~153,轻度污染,69,116,22,1.345,47,93
南京,2016-03,110,42~200,轻度污染,77,133,21,1.216,57,95
南京,2016-04,86,41~143,良,45,89,18,0.993,45,131
南京,2016-05,97,51~235,良,43,88,15,1.039,37,141
南京,2016-06,80,43~152,良,37,62,17,0.94,34,124
南京,2016-07,76,34~140,良,30,56,18,1.006,30,115
南京,2016-08,97,39~203,良,26,54,16,0.829,31,152
南京,2016-09,102,32~179,轻度污染,33,67,14,0.817,37,154
南京,2016-10,56,33~109,良,25,47,11,1.019,39,74
南京,2016-11,72,30~123,良,43,84,18,1.227,51,64
南京,2016-12,96,40~158,良,66,113,23,1.306,65,75
南京,2017-01,89,46~206,良,59,96,20,1.223,51,73
南京,2017-02,85,46~125,良,60,94,20,1.286,53,93
南京,2017-03,77,56~112,良,47,89,18,1.168,54,105
南京,2017-04,93,43~124,良,42,93,18,1.227,51,136
南京,2017-05,111,34~200,轻度污染,30,69,18,1.061,45,160
南京,2017-06,109,40~200,轻度污染,31,61,13,0.95,37,164
南京,2017-07,79,31~149,良,19,46,13,1.013,34,127
南京,2017-08,64,35~130,良,17,39,12,0.974,33,112
南京,2017-09,72,36~146,良,26,49,10,0.95,40,112
南京,2017-10,63,30~128,良,31,56,10,0.781,43,97
南京,2017-11,81,31~127,良,50,104,16,0.91,60,72
南京,2017-12,115,52~304,轻度污染,63,112,18,1.139,67,29
南京,2018-01,113,0~267,轻度污染,82,111,13,0.977,56,52
南京,2018-02,77,0~188,良,54,85,12,0.793,43,67
南京,2018-03,70,38~108,良,45,80,12,0.661,48,87
南京,2018-04,71,0~134,良,35,79,12,0.617,46,122
南京,2018-05,65,0~107,良,30,58,8,0.687,36,114
南京,2018-06,96,35~167,良,27,52,9,0.55,28,150
南京,2018-07,71,30~123,良,23,42,8,0.5,27,118
南京,2018-08,73,31~160,良,21,37,8,0.548,21,124
南京,2018-09,70,30~126,良,27,53,8,0.607,34,116
南京,2018-10,73,45~131,良,34,71,8,0.568,44,114
南京,2018-11,83,30~227,良,56,83,9,0.867,52,70
南京,2018-12,77,33~142,良,50,78,10,0.79,47,43
南京,2019-01,102,38~193,轻度污染,74,108,11,0.997,55,46
南京,2019-02,82,32~158,良,60,82,8,0.882,36,68
南京,2019-03,82,41~118,良,54,97,14,0.932,51,93
南京,2019-04,73,37~134,良,41,74,12,0.74,42,109
南京,2019-05,90,35~157,良,31,69,13,0.71,38,143
南京,2019-06,104,39~179,轻度污染,29,52,10,0.75,29,161
南京,2019-07,85,25~166,良,25,46,8,0.716,30,139
南京,2019-08,85,17~161,良,19,38,8,0.652,25,137
南京,2019-09,84,32~147,良,24,47,8,0.713,36,136
南京,2019-10,78,32~222,良,37,82,9,0.787,47,103
南京,2019-11,74,35~111,良,37,85,9,0.817,54,82
南京,2019-12,81,38~143,良,53,82,9,1.058,58,53
南京,2020-01,86,35~176,良,60,78,6,0.816,41,58
南京,2020-02,51,24~95,良,32,45,6,0.672,25,83
南京,2020-03,60,36~90,良,30,58,7,0.732,38,99
南京,2020-04,80,46~126,良,32,68,9,0.863,43,130
南京,2020-05,96,36~157,良,31,60,9,0.845,33,150
南京,2020-06,72,33~150,良,20,36,6,0.84,25,121
南京,2020-07,61,31~144,良,23,37,5,0.806,26,103
南京,2020-08,79,33~131,良,16,37,6,0.697,24,131
南京,2020-09,81,37~141,良,22,45,8,0.727,34,135
南京,2020-10,65,35~110,良,23,54,7,0.69,41,100
南京,2020-11,60,32~97,良,29,63,6,0.733,43,72
南京,2020-12,86,31~139,良,58,93,9,0.948,56,51
南京,2021-01,82,57~120,良,42,81,7,0.865,48,56
南京,2021-02,58,37~99,良,33,55,5,0.721,24,85
南京,2021-03,73,34~183,良,29,53,5,0.703,38,91
南京,2021-04,70,27~139,良,25,55,5,0.647,35,110
南京,2021-05,81,29~136,良,23,45,6,0.681,29,131
南京,2021-06,95,32~173,良,23,42,6,0.61,23,150
南京,2021-07,57,24~123,良,15,30,5,0.523,17,102
南京,2021-08,74,37~130,良,21,39,5,0.661,20,126
南京,2021-09,85,38~136,良,20,41,5,0.667,23,139
南京,2021-10,63,31~117,良,25,49,5,0.61,35,102
南京,2021-11,63,29~100,良,31,68,6,0.683,45,82
南京,2021-12,76,29~118,良,47,81,6,0.835,52,62
南京,2022-01,82,33~137,良,58,82,5,0.787,44,65
南京,2022-02,57,32~90,良,38,58,5,0.625,32,86
南京,2022-03,75,30~114,良,24,43,5,0.668,31,113
南京,2022-04,84,34~122,良,25,51,6,0.577,25,139
南京,2022-05,92,43~148,良,26,51,25,6,0.59,148
南京,2022-06,90,40~164,良,17,34,14,5,0.52,145
南京,2022-07,74,38~151,良,15,29,14,4,0.584,127
南京,2022-08,78,26~126,良,16,34,16,5,0.581,131
南京,2022-09,96,45~141,良,23,44,18,5,0.555,153
西安,2013-12,156,66~481,中度污染,122,202,2.942,79,64,26
西安,2014-01,175,72~352,中度污染,133,229,3.037,85,72,27
西安,2014-02,218,83~432,重度污染,173,241,2.507,65,53,32
西安,2014-03,134,74~250,轻度污染,85,188,2.242,37,50,52
西安,2014-04,101,55~181,轻度污染,64,149,1.697,17,46,66
西安,2014-05,100,58~221,良,55,149,1.529,16,32,81
西安,2014-06,78,53~136,良,46,97,1.42,13,34,110
西安,2014-07,82,27~110,良,36,87,1.058,9,34,135
西安,2014-08,74,33~114,良,44,93,1.219,11,39,108
西安,2014-09,61,18~113,良,39,76,1.383,11,38,65
西安,2014-10,111,44~251,轻度污染,78,152,1.51,20,48,56
西安,2014-11,118,53~239,轻度污染,84,155,1.883,37,48,29
西安,2014-12,104,60~182,轻度污染,67,152,2.035,53,48,26
西安,2015-01,132,61~242,轻度污染,95,188,2.897,55,51,25
西安,2015-02,104,67~200,轻度污染,65,147,2.482,38,38,47
西安,2015-03,93,53~177,良,60,132,1.787,26,40,59
西安,2015-04,78,43~138,良,40,106,1.743,17,36,82
西安,2015-05,78,60~103,良,40,101,1.532,17,36,114
西安,2015-06,70,32~101,良,36,82,1.27,11,32,97
西安,2015-07,95,61~142,良,41,98,1.032,9,36,149
西安,2015-08,90,35~169,良,43,102,1.023,10,43,127
西安,2015-09,70,37~102,良,42,84,1.143,13,42,89
西安,2015-10,104,31~202,轻度污染,63,153,1.452,21,53,56
西安,2015-11,91,38~265,良,59,126,2.06,25,49,24
西安,2015-12,152,63~317,中度污染,111,212,2.784,44,63,30
西安,2016-01,154,63~333,中度污染,113,207,3.013,39,60,36
西安,2016-02,108,52~251,轻度污染,69,146,1.817,28,47,61
西安,2016-03,125,58~192,轻度污染,78,188,1.887,27,63,69
西安,2016-04,96,61~148,良,55,138,1.4,17,58,102
西安,2016-05,87,47~168,良,44,105,1.113,13,47,120
西安,2016-06,101,46~179,轻度污染,32,76,1.1,8,38,157
西安,2016-07,83,35~168,良,27,59,0.926,6,32,136
西安,2016-08,83,36~121,良,36,71,0.952,8,34,136
西安,2016-09,91,47~130,良,53,104,1.217,14,56,112
西安,2016-10,79,39~153,良,53,98,1.355,12,51,55
西安,2016-11,169,44~304,中度污染,124,221,2.18,26,70,29
西安,2016-12,214,71~458,重度污染,173,233,2.497,35,77,31
西安,2017-01,229,63~499,重度污染,186,260,2.613,37,73,45
西安,2017-02,172,57~307,中度污染,131,201,2.143,33,75,71
西安,2017-03,100,48~145,轻度污染,69,120,1.5,23,63,81
西安,2017-04,93,41~298,良,43,95,1.327,15,62,99
西安,2017-05,114,50~500,轻度污染,32,76,1.103,13,55,136
西安,2017-06,110,46~172,轻度污染,33,72,1.067,11,42,165
西安,2017-07,122,37~201,轻度污染,32,72,1.152,8,40,181
西安,2017-08,99,35~202,良,35,70,1.161,9,41,148
西安,2017-09,77,40~123,良,44,90,1.31,12,53,95
西安,2017-10,75,30~116,良,50,91,1.465,12,50,41
西安,2017-11,129,66~292,轻度污染,94,159,1.773,22,74,38
西安,2017-12,172,72~402,中度污染,109,181,2.006,32,80,22
西安,2018-01,176,63~330,中度污染,136,184,1.887,25,70,42
西安,2018-02,106,0~267,轻度污染,76,118,1.4,23,55,75
西安,2018-03,107,0~218,轻度污染,76,129,1.381,15,62,90
西安,2018-04,74,0~181,良,35,100,1.047,12,52,99
西安,2018-05,73,0~145,良,30,83,0.89,10,46,112
西安,2018-06,100,35~151,良,26,59,0.887,8,36,156
西安,2018-07,70,29~126,良,24,46,0.874,6,27,120
西安,2018-08,98,39~136,良,28,56,0.877,8,34,155
西安,2018-09,62,33~95,良,23,53,0.887,10,42,87
西安,2018-10,80,50~102,良,43,91,1.045,11,60,73
西安,2018-11,92,0~242,良,64,104,1.323,14,65,36
西安,2018-12,109,0~254,轻度污染,79,131,1.377,21,63,29
西安,2019-01,178,58~346,中度污染,139,181,1.639,17,70,37
西安,2019-02,151,79~271,中度污染,114,157,1.311,11,44,66
西安,2019-03,84,54~120,良,45,113,0.755,8,58,84
西安,2019-04,82,53~144,良,45,107,0.82,7,46,101
西安,2019-05,107,35~481,轻度污染,42,115,0.577,6,43,117
西安,2019-06,91,33~153,良,26,54,0.613,5,34,144
西安,2019-07,95,36~150,良,22,49,0.555,5,32,152
西安,2019-08,87,37~140,良,26,56,0.681,5,34,138
西安,2019-09,67,32~120,良,28,54,0.697,6,41,109
西安,2019-10,66,25~122,良,38,75,0.771,7,46,48
西安,2019-11,112,38~231,轻度污染,79,125,0.96,10,58,32
西安,2019-12,134,52~319,轻度污染,100,143,1.145,15,65,32
西安,2020-01,168,68~278,中度污染,130,144,1.49,13,49,46
西安,2020-02,106,33~185,轻度污染,74,97,0.966,11,29,88
西安,2020-03,84,34~172,良,47,111,0.613,9,46,86
西安,2020-04,76,48~111,良,39,94,0.603,9,49,105
西安,2020-05,82,36~145,良,28,85,0.523,7,38,129
西安,2020-06,80,33~175,良,25,58,0.623,6,31,128
西安,2020-07,84,36~180,良,26,54,0.632,5,28,134
西安,2020-08,66,30~150,良,22,47,0.632,5,29,110
西安,2020-09,72,33~106,良,33,70,0.687,7,43,110
西安,2020-10,68,30~134,良,37,86,0.726,7,45,43
西安,2020-11,102,33~195,轻度污染,71,125,0.923,9,56,50
西安,2020-12,112,43~205,轻度污染,80,120,1.035,13,54,33
西安,2021-01,124,59~275,轻度污染,75,123,1.129,14,61,44
西安,2021-02,109,52~330,轻度污染,75,120,0.996,11,47,67
西安,2021-03,147,53~500,轻度污染,35,79,0.81,9,50,64
西安,2021-04,71,29~142,良,29,57,0.617,8,41,76
西安,2021-05,89,29~222,良,25,55,0.532,7,41,122
西安,2021-06,94,32~201,良,23,58,0.533,6,32,148
西安,2021-07,87,31~192,良,20,46,0.545,5,26,137
西安,2021-08,73,27~182,良,20,42,0.594,5,24,120
西安,2021-09,54,24~117,良,16,32,0.677,6,24,95
西安,2021-10,52,20~89,良,26,56,0.681,6,34,54
西安,2021-11,95,52~208,良,59,126,0.863,9,55,52
西安,2021-12,98,42~189,良,69,99,0.919,10,52,42
西安,2022-01,146,57~254,轻度污染,110,117,1.274,9,35,57
西安,2022-02,110,42~182,轻度污染,78,105,0.907,9,40,73
西安,2022-03,127,67~464,轻度污染,24,45,0.787,9,49,77
西安,2022-04,79,44~123,良,26,57,0.583,7,42,110
西安,2022-05,90,38~152,良,26,62,35,6,0.506,139
西安,2022-06,115,47~170,轻度污染,34,63,30,7,0.547,174
西安,2022-07,98,38~166,良,21,46,22,5,0.542,154
西安,2022-08,88,24~131,良,22,48,22,5,0.59,142
西安,2022-09,84,43~128,良,32,65,33,7,0.627,132
武汉,2013-12,225,77~351,重度污染,179,218,77,1.94,93,46
武汉,2014-01,229,93~337,重度污染,183,195,68,2.026,80,51
武汉,2014-02,122,37~279,轻度污染,93,82,33,1.304,46,53
武汉,2014-03,110,64~151,轻度污染,83,122,40,1.219,60,81
武汉,2014-04,87,37~184,良,63,96,29,1.097,53,101
武汉,2014-05,112,43~281,轻度污染,75,143,28,1.035,56,109
武汉,2014-06,119,32~274,轻度污染,83,127,24,1.087,44,154
武汉,2014-07,81,30~182,良,44,82,19,0.884,39,127
武汉,2014-08,78,47~127,良,44,73,18,0.971,36,124
武汉,2014-09,74,21~125,良,46,76,22,1.003,37,111
武汉,2014-10,123,31~229,轻度污染,91,140,30,1.223,60,119
武汉,2014-11,105,44~285,轻度污染,77,94,32,1.287,58,61
武汉,2014-12,114,73~250,轻度污染,84,126,42,1.271,63,54
武汉,2015-01,161,46~285,中度污染,123,138,36,1.58,74,47
武汉,2015-02,142,31~223,轻度污染,108,117,27,1.457,56,62
武汉,2015-03,94,33~204,良,68,98,24,1.135,49,74
武汉,2015-04,87,36~133,良,59,110,20,1.067,52,103
武汉,2015-05,101,45~174,轻度污染,65,112,15,1.023,45,137
武汉,2015-06,73,33~116,良,41,78,13,0.91,40,118
武汉,2015-07,76,43~143,良,36,68,10,0.768,33,126
武汉,2015-08,90,23~158,良,41,85,14,0.784,37,144
武汉,2015-09,92,46~146,良,47,88,19,0.927,41,143
武汉,2015-10,101,40~153,轻度污染,71,131,23,1.135,65,119
武汉,2015-11,78,30~129,良,57,80,18,1.243,46,37
武汉,2015-12,146,55~334,轻度污染,109,157,21,1.297,58,36
武汉,2016-01,144,80~249,轻度污染,107,141,21,1.352,51,40
武汉,2016-02,113,43~228,轻度污染,80,123,20,1.083,46,86
武汉,2016-03,115,39~202,轻度污染,84,136,19,1.055,58,94
武汉,2016-04,76,42~111,良,47,89,11,1.007,50,102
武汉,2016-05,76,42~122,良,44,86,8,0.819,41,109
武汉,2016-06,69,33~114,良,31,64,6,0.753,38,110
武汉,2016-07,70,29~128,良,24,57,5,0.668,31,115
武汉,2016-08,86,27~137,良,34,78,7,0.839,34,137
武汉,2016-09,94,34~163,良,45,99,12,0.807,45,145
武汉,2016-10,60,32~113,良,35,59,8,1.058,41,56
武汉,2016-11,84,28~182,良,61,93,11,1.233,52,42
武汉,2016-12,123,62~186,轻度污染,93,123,14,1.416,67,43
武汉,2017-01,119,45~232,轻度污染,85,106,14,1.39,54,53
武汉,2017-02,101,54~219,轻度污染,73,96,14,1.304,57,69
武汉,2017-03,93,43~272,良,64,96,12,1.135,58,77
武汉,2017-04,80,36~106,良,44,94,11,1.09,54,101
武汉,2017-05,104,33~500,轻度污染,39,89,8,1,50,129
武汉,2017-06,75,32~122,良,32,61,5,0.983,38,119
武汉,2017-07,63,31~125,良,23,57,4,0.781,29,110
武汉,2017-08,65,30~100,良,24,51,6,0.948,32,113
武汉,2017-09,74,34~130,良,30,61,8,1.103,45,101
武汉,2017-10,62,23~133,良,34,64,9,1.032,46,75
武汉,2017-11,105,51~191,轻度污染,76,115,13,1.233,70,63
武汉,2017-12,130,60~270,轻度污染,95,126,16,1.306,71,25
武汉,2018-01,114,52~223,轻度污染,85,86,10,1.094,49,44
武汉,2018-02,87,0~166,良,62,86,11,1.007,49,62
武汉,2018-03,73,33~113,良,47,78,8,0.945,53,74
武汉,2018-04,61,0~118,良,36,76,7,0.903,45,98
武汉,2018-05,57,0~109,良,27,56,6,0.826,36,99
武汉,2018-06,86,37~174,良,30,54,7,0.833,35,136
武汉,2018-07,59,22~99,良,22,42,6,0.752,28,105
武汉,2018-08,73,35~142,良,24,39,6,0.826,27,125
武汉,2018-09,70,39~131,良,29,54,9,0.907,41,117
武汉,2018-10,79,53~129,良,42,70,11,0.919,54,106
武汉,2018-11,88,29~252,良,63,78,10,1.11,53,60
武汉,2018-12,97,28~207,良,71,81,9,1.126,45,32
武汉,2019-01,125,49~214,轻度污染,94,105,9,1.39,56,34
武汉,2019-02,87,28~156,良,64,77,7,0.971,35,47
武汉,2019-03,75,44~102,良,49,86,10,1.003,54,82
武汉,2019-04,70,33~134,良,37,67,9,1.043,42,109
武汉,2019-05,85,45~137,良,37,80,8,0.894,47,124
武汉,2019-06,90,26~141,良,28,51,6,0.92,33,145
武汉,2019-07,75,39~160,良,25,47,6,0.829,29,127
武汉,2019-08,100,35~171,轻度污染,30,53,8,0.942,30,158
武汉,2019-09,104,47~157,轻度污染,34,63,12,0.943,41,160
武汉,2019-10,68,29~151,良,32,57,9,0.868,42,103
武汉,2019-11,82,25~113,良,48,88,11,0.937,58,72
武汉,2019-12,95,53~180,良,67,97,11,1.132,63,39
武汉,2020-01,83,40~142,良,60,70,7,0.984,37,48
武汉,2020-02,57,20~128,良,38,46,8,0.917,21,75
武汉,2020-03,55,28~80,良,34,53,9,0.952,22,90
武汉,2020-04,73,43~110,良,34,59,9,0.73,36,120
武汉,2020-05,78,40~127,良,35,62,8,0.81,36,127
武汉,2020-06,61,30~126,良,20,31,6,0.777,26,103
武汉,2020-07,59,28~120,良,22,33,6,0.803,26,102
武汉,2020-08,71,37~128,良,21,41,6,0.677,26,123
武汉,2020-09,80,35~150,良,30,51,7,0.843,37,123
武汉,2020-10,67,24~104,良,36,68,8,0.9,48,85
武汉,2020-11,73,30~107,良,40,70,10,0.83,53,67
武汉,2020-12,109,41~223,轻度污染,80,105,12,1.035,64,44
武汉,2021-01,102,54~215,轻度污染,58,83,10,0.984,57,49
武汉,2021-02,73,26~115,良,52,70,8,0.854,37,74
武汉,2021-03,64,29~114,良,32,51,8,0.823,41,68
武汉,2021-04,65,33~115,良,31,52,8,0.767,41,94
武汉,2021-05,66,37~128,良,25,47,7,0.745,36,109
武汉,2021-06,83,33~136,良,26,47,7,0.797,32,136
武汉,2021-07,61,24~140,良,17,33,5,0.668,25,106
武汉,2021-08,69,30~193,良,19,33,6,0.81,25,119
武汉,2021-09,95,44~175,良,23,41,8,0.857,30,152
武汉,2021-10,65,28~127,良,33,53,8,0.79,41,98
武汉,2021-11,79,25~156,良,47,78,10,0.813,56,78
武汉,2021-12,100,39~156,良,69,88,10,1.039,60,58
武汉,2022-01,107,34~226,轻度污染,80,84,8,1.113,47,50
武汉,2022-02,74,33~135,良,52,64,8,0.861,40,67
武汉,2022-03,66,27~139,良,25,52,9,0.906,41,86
武汉,2022-04,67,36~105,良,28,53,9,0.837,35,116
武汉,2022-05,78,47~120,良,31,57,0.877,9,33,128
武汉,2022-06,73,23~157,良,18,36,0.837,8,21,122
武汉,2022-07,67,22~144,良,15,31,0.729,6,20,117
武汉,2022-08,76,26~149,良,17,33,0.774,7,20,130
武汉,2022-09,108,57~148,轻度污染,27,46,0.845,10,28,167